{
  "FKGL": {
    "mistral v0.1": 56.08977061367399,
    "mistral v0.2": 67.17054111894774,
    "mistral v0.3": 60.74834532256767,
    "openchat": 65.68239543874769,
    "llama3.1": 100.0,
    "solar": 73.94464032245284,
    "mixtral": 62.70903136551009,
    "llama3": 78.64100544366732
  },
  "FRE": {
    "mistral v0.1": 7.857625714905872,
    "mistral v0.2": 16.44681747911449,
    "mistral v0.3": 11.105553914293218,
    "openchat": 18.360385321915764,
    "llama3.1": 100.0,
    "solar": 11.982986984906297,
    "mixtral": 13.099183447536836,
    "llama3": 36.257312204618835
  },
  "GFI": {
    "mistral v0.1": 68.67362753564042,
    "mistral v0.2": 75.66744571928822,
    "mistral v0.3": 60.88976362881373,
    "openchat": 71.79145821187386,
    "llama3.1": 100.0,
    "solar": 62.46369098161503,
    "mixtral": 67.80370838079854,
    "llama3": 75.06647442600162
  },
  "CLI": {
    "mistral v0.1": 75.53370579427066,
    "mistral v0.2": 81.29917683307863,
    "mistral v0.3": 78.125490987107,
    "openchat": 85.20148524009075,
    "llama3.1": 100.0,
    "solar": 78.12765790520932,
    "mixtral": 67.48359827652627,
    "llama3": 77.5153430536106
  }
}