{
  "FKGL": {
    "mistral v0.1": 63.70473121501219,
    "mistral v0.2": 62.55569782804672,
    "mistral v0.3": 67.05030476031176,
    "openchat": 69.30940279569745,
    "llama3.1": 78.64100544366732,
    "solar": 79.45215836747383,
    "mixtral": 71.26940784968151,
    "llama3": 100.0
  },
  "FRE": {
    "mistral v0.1": 6.301804101620076,
    "mistral v0.2": 3.6949851694551423,
    "mistral v0.3": 12.448711050600052,
    "openchat": 6.598142602489783,
    "llama3.1": 36.257312204618835,
    "solar": 19.1512794344033,
    "mixtral": 10.332241056873466,
    "llama3": 100.0
  },
  "GFI": {
    "mistral v0.1": 77.07299041377443,
    "mistral v0.2": 74.91879586982122,
    "mistral v0.3": 70.79870835334701,
    "openchat": 74.04108286102343,
    "llama3.1": 75.06647442600162,
    "solar": 63.30952917269171,
    "mixtral": 65.38820160925592,
    "llama3": 100.0
  },
  "CLI": {
    "mistral v0.1": 73.5112344255084,
    "mistral v0.2": 68.50420359670882,
    "mistral v0.3": 67.49692042250713,
    "openchat": 71.62638528247804,
    "llama3.1": 77.5153430536106,
    "solar": 72.36629780990424,
    "mixtral": 67.77856336806218,
    "llama3": 100.0
  }
}