{
  "FKGL": {
    "mistral v0.1": 100.0,
    "mistral v0.2": 58.14005659010143,
    "mistral v0.3": 63.27797506245504,
    "openchat": 65.8201434161816,
    "llama3.1": 56.08977061367399,
    "solar": 55.353653474610724,
    "mixtral": 62.56524423961116,
    "llama3": 63.70473121501219
  },
  "FRE": {
    "mistral v0.1": 100.0,
    "mistral v0.2": 7.255498663641595,
    "mistral v0.3": 10.001136594561864,
    "openchat": 9.476264716935354,
    "llama3.1": 7.857625714905872,
    "solar": 2.636548171427868,
    "mixtral": 3.515638017628301,
    "llama3": 6.301804101620076
  },
  "GFI": {
    "mistral v0.1": 100.0,
    "mistral v0.2": 65.91818462700694,
    "mistral v0.3": 60.365251142078016,
    "openchat": 70.5292862201823,
    "llama3.1": 68.67362753564042,
    "solar": 57.485474489530084,
    "mixtral": 67.26280528475243,
    "llama3": 77.07299041377443
  },
  "CLI": {
    "mistral v0.1": 100.0,
    "mistral v0.2": 76.02153523604656,
    "mistral v0.3": 68.660522714592,
    "openchat": 68.66345165035935,
    "llama3.1": 75.53370579427066,
    "solar": 69.75468449976123,
    "mixtral": 70.9956856910159,
    "llama3": 73.5112344255084
  }
}