{
  "FKGL": {
    "mistral v0.1": 63.27797506245504,
    "mistral v0.2": 59.84639224840892,
    "mistral v0.3": 100.0,
    "openchat": 64.68156271805427,
    "llama3.1": 60.74834532256767,
    "solar": 54.25161670857238,
    "mixtral": 53.50363537074924,
    "llama3": 67.05030476031176
  },
  "FRE": {
    "mistral v0.1": 10.001136594561864,
    "mistral v0.2": 5.036969996634231,
    "mistral v0.3": 100.0,
    "openchat": 8.978867253595674,
    "llama3.1": 11.105553914293218,
    "solar": 1.472033754551446,
    "mixtral": 5.396281502332586,
    "llama3": 12.448711050600052
  },
  "GFI": {
    "mistral v0.1": 60.365251142078016,
    "mistral v0.2": 66.76657914046389,
    "mistral v0.3": 100.0,
    "openchat": 67.6019320700036,
    "llama3.1": 60.88976362881373,
    "solar": 54.61028306403075,
    "mixtral": 57.47078235298952,
    "llama3": 70.79870835334701
  },
  "CLI": {
    "mistral v0.1": 68.660522714592,
    "mistral v0.2": 78.9864793658977,
    "mistral v0.3": 100.0,
    "openchat": 69.1532703102412,
    "llama3.1": 78.125490987107,
    "solar": 62.53519855772106,
    "mixtral": 76.49152563006182,
    "llama3": 67.49692042250713
  }
}