{
  "FKGL": {
    "mistral v0.1": 58.14005659010143,
    "mistral v0.2": 100.0,
    "mistral v0.3": 59.84639224840892,
    "openchat": 67.57077399387458,
    "llama3.1": 67.17054111894774,
    "solar": 68.83427724557174,
    "mixtral": 51.11736180906862,
    "llama3": 62.55569782804672
  },
  "FRE": {
    "mistral v0.1": 7.255498663641595,
    "mistral v0.2": 100.0,
    "mistral v0.3": 5.036969996634231,
    "openchat": 7.990730621220456,
    "llama3.1": 16.44681747911449,
    "solar": 4.721840900066248,
    "mixtral": 2.397296716716161,
    "llama3": 3.6949851694551423
  },
  "GFI": {
    "mistral v0.1": 65.91818462700694,
    "mistral v0.2": 100.0,
    "mistral v0.3": 66.76657914046389,
    "openchat": 70.24970837064338,
    "llama3.1": 75.66744571928822,
    "solar": 67.57224436276758,
    "mixtral": 57.87459347927896,
    "llama3": 74.91879586982122
  },
  "CLI": {
    "mistral v0.1": 76.02153523604656,
    "mistral v0.2": 100.0,
    "mistral v0.3": 78.9864793658977,
    "openchat": 74.94614354076911,
    "llama3.1": 81.29917683307863,
    "solar": 77.32382603207468,
    "mixtral": 74.364903396621,
    "llama3": 68.50420359670882
  }
}