{
  "FKGL": {
    "mistral v0.1": 62.56524423961116,
    "mistral v0.2": 51.11736180906862,
    "mistral v0.3": 53.50363537074924,
    "openchat": 62.461930032509485,
    "llama3.1": 62.70903136551009,
    "solar": 59.97147292917059,
    "mixtral": 100.0,
    "llama3": 71.26940784968151
  },
  "FRE": {
    "mistral v0.1": 3.515638017628301,
    "mistral v0.2": 2.397296716716161,
    "mistral v0.3": 5.396281502332586,
    "openchat": 11.277367914993357,
    "llama3.1": 13.099183447536836,
    "solar": 11.258695204132856,
    "mixtral": 100.0,
    "llama3": 10.332241056873466
  },
  "GFI": {
    "mistral v0.1": 67.26280528475243,
    "mistral v0.2": 57.87459347927896,
    "mistral v0.3": 57.47078235298952,
    "openchat": 66.61500199731594,
    "llama3.1": 67.80370838079854,
    "solar": 50.803385016614996,
    "mixtral": 100.0,
    "llama3": 65.38820160925592
  },
  "CLI": {
    "mistral v0.1": 70.9956856910159,
    "mistral v0.2": 74.364903396621,
    "mistral v0.3": 76.49152563006182,
    "openchat": 71.84170878529082,
    "llama3.1": 67.48359827652627,
    "solar": 72.9523435157091,
    "mixtral": 100.0,
    "llama3": 67.77856336806218
  }
}