{
  "FKGL": {
    "mistral v0.1": 65.8201434161816,
    "mistral v0.2": 67.57077399387458,
    "mistral v0.3": 64.68156271805427,
    "openchat": 100.0,
    "llama3.1": 65.68239543874769,
    "solar": 67.99664706319402,
    "mixtral": 62.461930032509485,
    "llama3": 69.30940279569745
  },
  "FRE": {
    "mistral v0.1": 9.476264716935354,
    "mistral v0.2": 7.990730621220456,
    "mistral v0.3": 8.978867253595674,
    "openchat": 100.0,
    "llama3.1": 18.360385321915764,
    "solar": 9.175254460063925,
    "mixtral": 11.277367914993357,
    "llama3": 6.598142602489783
  },
  "GFI": {
    "mistral v0.1": 70.5292862201823,
    "mistral v0.2": 70.24970837064338,
    "mistral v0.3": 67.6019320700036,
    "openchat": 100.0,
    "llama3.1": 71.79145821187386,
    "solar": 58.2778965487898,
    "mixtral": 66.61500199731594,
    "llama3": 74.04108286102343
  },
  "CLI": {
    "mistral v0.1": 68.66345165035935,
    "mistral v0.2": 74.94614354076911,
    "mistral v0.3": 69.1532703102412,
    "openchat": 100.0,
    "llama3.1": 85.20148524009075,
    "solar": 73.64827528725169,
    "mixtral": 71.84170878529082,
    "llama3": 71.62638528247804
  }
}