{
  "FKGL": {
    "mistral v0.1": 55.353653474610724,
    "mistral v0.2": 68.83427724557174,
    "mistral v0.3": 54.25161670857238,
    "openchat": 67.99664706319402,
    "llama3.1": 73.94464032245284,
    "solar": 100.0,
    "mixtral": 59.97147292917059,
    "llama3": 79.45215836747383
  },
  "FRE": {
    "mistral v0.1": 2.636548171427868,
    "mistral v0.2": 4.721840900066248,
    "mistral v0.3": 1.472033754551446,
    "openchat": 9.175254460063925,
    "llama3.1": 11.982986984906297,
    "solar": 100.0,
    "mixtral": 11.258695204132856,
    "llama3": 19.1512794344033
  },
  "GFI": {
    "mistral v0.1": 57.485474489530084,
    "mistral v0.2": 67.57224436276758,
    "mistral v0.3": 54.61028306403075,
    "openchat": 58.2778965487898,
    "llama3.1": 62.46369098161503,
    "solar": 100.0,
    "mixtral": 50.803385016614996,
    "llama3": 63.30952917269171
  },
  "CLI": {
    "mistral v0.1": 69.75468449976123,
    "mistral v0.2": 77.32382603207468,
    "mistral v0.3": 62.53519855772106,
    "openchat": 73.64827528725169,
    "llama3.1": 78.12765790520932,
    "solar": 100.0,
    "mixtral": 72.9523435157091,
    "llama3": 72.36629780990424
  }
}